lemma	pos_tags	issues	source	paradigm	stem
1000ma	adv	a_not_adj	pair		
100ma	adv	a_not_adj	pair		
10ma	adv	a_not_adj	pair		
11ma	adv	a_not_adj	pair		
12ma	adv	a_not_adj	pair		
13ma	adv	a_not_adj	pair		
14ma	adv	a_not_adj	pair		
15ma	adv	a_not_adj	pair		
16ma	adv	a_not_adj	pair		
17ma	adv	a_not_adj	pair		
18ma	adv	a_not_adj	pair		
19ma	adv	a_not_adj	pair		
1ma	adv	a_not_adj	pair		
20ma	adv	a_not_adj	pair		
21ma	adv	a_not_adj	pair		
22ma	adv	a_not_adj	pair		
23ma	adv	a_not_adj	pair		
24ma	adv	a_not_adj	pair		
25ma	adv	a_not_adj	pair		
26ma	adv	a_not_adj	pair		
27ma	adv	a_not_adj	pair		
28ma	adv	a_not_adj	pair		
29ma	adv	a_not_adj	pair		
2ma	adv	a_not_adj	pair		
30ma	adv	a_not_adj	pair		
31ma	adv	a_not_adj	pair		
3ma	adv	a_not_adj	pair		
4ma	adv	a_not_adj	pair		
5ma	adv	a_not_adj	pair		
6ma	adv	a_not_adj	pair		
7ma	adv	a_not_adj	pair		
8ma	adv	a_not_adj	pair		
9ma	adv	a_not_adj	pair		
Amerikana	adv	a_not_adj	pair		
Arjentinia	adv	a_not_adj	pair		
Astana	adv	a_not_adj	pair		
Atlantiko	adv	o_not_noun,o_with_adj_or_adv	pair		
Brazilia	adv	a_not_adj	pair		
Central-Azia	adv	a_not_adj	pair		
Chinia	adv	a_not_adj	pair		
Denaskulo	adv	o_not_noun,o_with_adj_or_adv	pair		
E	cnjcoo	e_not_adv	pair		
Europana	adv	a_not_adj	pair		
Finnlando	adv	o_not_noun,o_with_adj_or_adv	pair		
Franco	adv	o_not_noun,o_with_adj_or_adv	pair		
Ido	adv	o_not_noun,o_with_adj_or_adv	pair		
Iluminismo	adv	o_not_noun,o_with_adj_or_adv	pair		
Interlingua	adv	a_not_adj	pair		
Islandana	adv	a_not_adj	pair		
Italiana	adv	a_not_adj	pair		
Klingona linguo	adv	o_not_noun,o_with_adj_or_adv	pair		
Kotava	adv	a_not_adj	pair		
Kuba	adv	a_not_adj	pair		
La	pr	a_not_adj	pair		
Ma	cnjcoo	a_not_adj	pair		
O	cnjcoo	o_not_noun	pair		
Pensilvania	adv	a_not_adj	pair		
Roma	adv	a_not_adj	pair		
Ruto	adv	o_not_noun,o_with_adj_or_adv	pair		
Se	cnjsub	e_not_adv	pair		
Svediana	adv	a_not_adj	pair		
Toki Pona	adv	a_not_adj	pair		
Usono	adv	o_not_noun,o_with_adj_or_adv	pair		
Wikivortaro	adv	o_not_noun,o_with_adj_or_adv	pair		
a	pr	a_not_adj	pair		
ante	pr	e_not_adv	pair		
ba	pr	a_not_adj	pair		
da	pr	a_not_adj	pair		
de	pr	e_not_adv	pair		
domestikigita	adv	a_not_adj	pair		
e	cnjcoo	e_not_adv	pair		
ego	adv	o_not_noun,o_with_adj_or_adv	pair		
ela	adv	a_not_adj	pair		
elia	adv	a_not_adj	pair		
geisha	adv	a_not_adj	pair		
ghetto	adv	o_not_noun,o_with_adj_or_adv	pair		
hola	adv	a_not_adj	pair		
hundyuno	adv	o_not_noun,o_with_adj_or_adv	pair		
ilia	adv	a_not_adj	pair		
ja	pr	a_not_adj	pair		
ka	cnjsub	a_not_adj	pair		
ke	cnjsub	e_not_adv	pair		
konektita	adv	a_not_adj	pair		
kontre	pr	e_not_adv	pair		
la	det	a_not_adj	pair		
lavomashino	adv	o_not_noun,o_with_adj_or_adv	pair		
linguo	adv	o_not_noun,o_with_adj_or_adv	pair		
lo	pr	o_not_noun	pair		
ma	cnjcoo	a_not_adj	pair		
malgre	pr	e_not_adv	pair		
manjajo	adv	o_not_noun,o_with_adj_or_adv	pair		
maxim-multa	adv	a_not_adj	pair		
me	prn	e_not_adv	pair		
muelilo	adv	o_not_noun,o_with_adj_or_adv	pair		
muelodisko	adv	o_not_noun,o_with_adj_or_adv	pair		
musketiero	adv	o_not_noun,o_with_adj_or_adv	pair		
nia	adv	a_not_adj	pair		
nigra truo	adv	o_not_noun,o_with_adj_or_adv	pair		
no	pr	o_not_noun	pair		
o	cnjcoo	o_not_noun	pair		
olia	adv	a_not_adj	pair		
parlata	adv	a_not_adj	pair		
patria	adv	a_not_adj	pair		
pizza	adv	a_not_adj	pair		
po	pr	o_not_noun	pair		
por	pr	verb_ending_not_vblex	pair		
pro	pr	o_not_noun	pair		
qua	prn	a_not_adj	pair		
quar	adv	verb_ending_not_vblex	pair		
se	cnjsub	e_not_adv	pair		
situita	adv	a_not_adj	pair		
submersonavo	adv	o_not_noun,o_with_adj_or_adv	pair		
tala	adv	a_not_adj	pair		
tra	pr	a_not_adj	pair		
triesma	adv	a_not_adj	pair		
tua	adv	a_not_adj	pair		
ube esas la latrino	adv	o_not_noun,o_with_adj_or_adv	pair		
via	adv	a_not_adj	pair		
ya	pr	a_not_adj	pair		
atencoze	n	e_not_adv	paradigm	o__n	atenc
bitumoza	n	a_not_adj	paradigm	o__n	bitum
brizoza	n	a_not_adj	paradigm	o__n	briz
centopla	n	a_not_adj	paradigm	o__n	cent
delicioza	n	a_not_adj	paradigm	o__n	delici
detaloza	n	a_not_adj	paradigm	o__n	detal
duopla	n	a_not_adj	paradigm	o__n	du
energioza	n	a_not_adj	paradigm	o__n	energi
eroroze	n	e_not_adv	paradigm	o__n	eror
fabloza	n	a_not_adj	paradigm	o__n	fabl
famoza	n	a_not_adj	paradigm	o__n	fam
flegmoza	n	a_not_adj	paradigm	o__n	flegm
frenezioza	n	a_not_adj	paradigm	o__n	frenezi
iracoza	n	a_not_adj	paradigm	o__n	irac
joyoza	n	a_not_adj	paradigm	o__n	joy
kartilagoza	n	a_not_adj	paradigm	o__n	kartilag
linchar	n	verb_ending_not_vblex	paradigm	o__n	linch
luxoza	n	a_not_adj	paradigm	o__n	lux
nervoza	n	a_not_adj	paradigm	o__n	nerv
personoza	n	a_not_adj	paradigm	o__n	person
pokope	n	e_not_adv	paradigm	o__n	pok
polvoza	n	a_not_adj	paradigm	o__n	polv
precoza	n	a_not_adj	paradigm	o__n	prec
rustoza	n	a_not_adj	paradigm	o__n	rust
saloza	n	a_not_adj	paradigm	o__n	sal
saporoza	n	a_not_adj	paradigm	o__n	sapor
sukoza	n	a_not_adj	paradigm	o__n	suk
triopla	n	a_not_adj	paradigm	o__n	tri
truoza	n	a_not_adj	paradigm	o__n	tru
vaporoza	n	a_not_adj	paradigm	o__n	vapor
vigoroza	n	a_not_adj	paradigm	o__n	vigor
vinkoza	n	a_not_adj	paradigm	o__n	vink
violentoza	n	a_not_adj	paradigm	o__n	violent
Angliano	adj	o_not_noun,o_with_adj_or_adv	paradigm	a__adj	Angli
Arabiano	adj	o_not_noun,o_with_adj_or_adv	paradigm	a__adj	Arabi
Braziliano	adj	o_not_noun,o_with_adj_or_adv	paradigm	a__adj	Brazili
Bretoniano	adj	o_not_noun,o_with_adj_or_adv	paradigm	a__adj	Bretoni
Britaniano	adj	o_not_noun,o_with_adj_or_adv	paradigm	a__adj	Britani
Bulgariano	adj	o_not_noun,o_with_adj_or_adv	paradigm	a__adj	Bulgari
Burgundiano	adj	o_not_noun,o_with_adj_or_adv	paradigm	a__adj	Burgundi
Burmano	adj	o_not_noun,o_with_adj_or_adv	paradigm	a__adj	Burm
Ceylonano	adj	o_not_noun,o_with_adj_or_adv	paradigm	a__adj	Ceylon
Champaniano	adj	o_not_noun,o_with_adj_or_adv	paradigm	a__adj	Champani
Chekiano	adj	o_not_noun,o_with_adj_or_adv	paradigm	a__adj	Cheki
Chiliano	adj	o_not_noun,o_with_adj_or_adv	paradigm	a__adj	Chili
Dalmatiano	adj	o_not_noun,o_with_adj_or_adv	paradigm	a__adj	Dalmati
Daniano	adj	o_not_noun,o_with_adj_or_adv	paradigm	a__adj	Dani
Finlandano	adj	o_not_noun,o_with_adj_or_adv	paradigm	a__adj	Finland
Franciano	adj	o_not_noun,o_with_adj_or_adv	paradigm	a__adj	Franci
Germaniano	adj	o_not_noun,o_with_adj_or_adv	paradigm	a__adj	Germani
Grekiano	adj	o_not_noun,o_with_adj_or_adv	paradigm	a__adj	Greki
Kristano	adj	o_not_noun,o_with_adj_or_adv	paradigm	a__adj	Krist
Lituaniano	adj	o_not_noun,o_with_adj_or_adv	paradigm	a__adj	Lituani
Nubiano	adj	o_not_noun,o_with_adj_or_adv	paradigm	a__adj	Nubi
Poloniano	adj	o_not_noun,o_with_adj_or_adv	paradigm	a__adj	Poloni
Rusiano	adj	o_not_noun,o_with_adj_or_adv	paradigm	a__adj	Rusi
Siamano	adj	o_not_noun,o_with_adj_or_adv	paradigm	a__adj	Siam
Skandinaviano	adj	o_not_noun,o_with_adj_or_adv	paradigm	a__adj	Skandinavi
Stiriano	adj	o_not_noun,o_with_adj_or_adv	paradigm	a__adj	Stiri
Ukrainano	adj	o_not_noun,o_with_adj_or_adv	paradigm	a__adj	Ukrain
Usano	adj	o_not_noun,o_with_adj_or_adv	paradigm	a__adj	Us
absorbado	adj	o_not_noun,o_with_adj_or_adv	paradigm	a__adj	absorb
administranto	adj	o_not_noun,o_with_adj_or_adv	paradigm	a__adj	administr
adolecanto	adj	o_not_noun,o_with_adj_or_adv	paradigm	a__adj	adolec
almonajo	adj	o_not_noun,o_with_adj_or_adv	paradigm	a__adj	almon
aquafortajo	adj	o_not_noun,o_with_adj_or_adv	paradigm	a__adj	aquafort
astonante	adj	e_not_adv	paradigm	a__adj	aston
audado	adj	o_not_noun,o_with_adj_or_adv	paradigm	a__adj	aud
aviacado	adj	o_not_noun,o_with_adj_or_adv	paradigm	a__adj	aviac
bruisado	adj	o_not_noun,o_with_adj_or_adv	paradigm	a__adj	bruis
brulajo	adj	o_not_noun,o_with_adj_or_adv	paradigm	a__adj	brul
bubacho	adj	o_not_noun,o_with_adj_or_adv	paradigm	a__adj	bub
buklagar	adj	verb_ending_not_vblex	paradigm	a__adj	bukl
cedratajo	adj	o_not_noun,o_with_adj_or_adv	paradigm	a__adj	cedrat
cementagar	adj	verb_ending_not_vblex	paradigm	a__adj	cement
centraligar	adj	verb_ending_not_vblex	paradigm	a__adj	centr
centralo	adj	o_not_noun,o_with_adj_or_adv	paradigm	a__adj	centr
certajo	adj	o_not_noun,o_with_adj_or_adv	paradigm	a__adj	cert
chambracho	adj	o_not_noun,o_with_adj_or_adv	paradigm	a__adj	chambr
chasajo	adj	o_not_noun,o_with_adj_or_adv	paradigm	a__adj	chas
cielatre	adj	e_not_adv	paradigm	a__adj	ciel
cinematografado	adj	o_not_noun,o_with_adj_or_adv	paradigm	a__adj	cinematograf
civitaneso	adj	o_not_noun,o_with_adj_or_adv	paradigm	a__adj	civit
debajo	adj	o_not_noun,o_with_adj_or_adv	paradigm	a__adj	deb
deklinado	adj	o_not_noun,o_with_adj_or_adv	paradigm	a__adj	deklin
demandanto	adj	o_not_noun,o_with_adj_or_adv	paradigm	a__adj	demand
derivajo	adj	o_not_noun,o_with_adj_or_adv	paradigm	a__adj	deriv
deskriptado	adj	o_not_noun,o_with_adj_or_adv	paradigm	a__adj	deskript
dextrano	adj	o_not_noun,o_with_adj_or_adv	paradigm	a__adj	dextr
difamado	adj	o_not_noun,o_with_adj_or_adv	paradigm	a__adj	difam
diletanto	adj	o_not_noun,o_with_adj_or_adv	paradigm	a__adj	dilet
domacho	adj	o_not_noun,o_with_adj_or_adv	paradigm	a__adj	dom
drinkajo	adj	o_not_noun,o_with_adj_or_adv	paradigm	a__adj	drink
dualismo	adj	o_not_noun,o_with_adj_or_adv	paradigm	a__adj	du
durado	adj	o_not_noun,o_with_adj_or_adv	paradigm	a__adj	dur
edukado	adj	o_not_noun,o_with_adj_or_adv	paradigm	a__adj	eduk
elektado	adj	o_not_noun,o_with_adj_or_adv	paradigm	a__adj	elekt
emocale	adj	e_not_adv	paradigm	a__adj	emoc
enregistrago	adj	o_not_noun,o_with_adj_or_adv	paradigm	a__adj	enrejistr
equipado	adj	o_not_noun,o_with_adj_or_adv	paradigm	a__adj	equip
equipajo	adj	o_not_noun,o_with_adj_or_adv	paradigm	a__adj	equip
eskrokanto	adj	o_not_noun,o_with_adj_or_adv	paradigm	a__adj	eskrok
evaluado	adj	o_not_noun,o_with_adj_or_adv	paradigm	a__adj	evalu
extorsado	adj	o_not_noun,o_with_adj_or_adv	paradigm	a__adj	extors
fasonado	adj	o_not_noun,o_with_adj_or_adv	paradigm	a__adj	fason
fermentacado	adj	o_not_noun,o_with_adj_or_adv	paradigm	a__adj	fermentac
festado	adj	o_not_noun,o_with_adj_or_adv	paradigm	a__adj	fest
fiktivajo	adj	o_not_noun,o_with_adj_or_adv	paradigm	a__adj	fiktiv
finale	adj	e_not_adv	paradigm	a__adj	fin
fritado	adj	o_not_noun,o_with_adj_or_adv	paradigm	a__adj	frit
furtanto	adj	o_not_noun,o_with_adj_or_adv	paradigm	a__adj	furt
glaciajo	adj	o_not_noun,o_with_adj_or_adv	paradigm	a__adj	glaci
grizafoxo	adj	o_not_noun,o_with_adj_or_adv	paradigm	a__adj	griz
habitantaro	adj	o_not_noun,o_with_adj_or_adv	paradigm	a__adj	habit
horizontale	adj	e_not_adv	paradigm	a__adj	horizont
idealo	adj	o_not_noun,o_with_adj_or_adv	paradigm	a__adj	ide
impostado	adj	o_not_noun,o_with_adj_or_adv	paradigm	a__adj	impost
instruktanto	adj	o_not_noun,o_with_adj_or_adv	paradigm	a__adj	instrukt
inundado	adj	o_not_noun,o_with_adj_or_adv	paradigm	a__adj	inund
jeranto	adj	o_not_noun,o_with_adj_or_adv	paradigm	a__adj	jer
kavajo	adj	o_not_noun,o_with_adj_or_adv	paradigm	a__adj	kav
koagulajo	adj	o_not_noun,o_with_adj_or_adv	paradigm	a__adj	koagul
kolektajo	adj	o_not_noun,o_with_adj_or_adv	paradigm	a__adj	kolekt
konceptajo	adj	o_not_noun,o_with_adj_or_adv	paradigm	a__adj	koncept
kondicionalo	adj	o_not_noun,o_with_adj_or_adv	paradigm	a__adj	kondicion
konfitajo	adj	o_not_noun,o_with_adj_or_adv	paradigm	a__adj	konfit
konsumanto	adj	o_not_noun,o_with_adj_or_adv	paradigm	a__adj	konsum
koruptajo	adj	o_not_noun,o_with_adj_or_adv	paradigm	a__adj	korupt
kriminaligar	adj	verb_ending_not_vblex	paradigm	a__adj	krimin
kuracato	adj	o_not_noun,o_with_adj_or_adv	paradigm	a__adj	kurac
laborado	adj	o_not_noun,o_with_adj_or_adv	paradigm	a__adj	labor
linguajo	adj	o_not_noun,o_with_adj_or_adv	paradigm	a__adj	lingu
ludanto	adj	o_not_noun,o_with_adj_or_adv	paradigm	a__adj	lud
manuagar	adj	verb_ending_not_vblex	paradigm	a__adj	manu
materiajo	adj	o_not_noun,o_with_adj_or_adv	paradigm	a__adj	materi
mentale	adj	e_not_adv	paradigm	a__adj	ment
mesajacho	adj	o_not_noun,o_with_adj_or_adv	paradigm	a__adj	mesaj
minado	adj	o_not_noun,o_with_adj_or_adv	paradigm	a__adj	min
nutrajo	adj	o_not_noun,o_with_adj_or_adv	paradigm	a__adj	nutr
odianto	adj	o_not_noun,o_with_adj_or_adv	paradigm	a__adj	odi
okulalo	adj	o_not_noun,o_with_adj_or_adv	paradigm	a__adj	okul
pasturajo	adj	o_not_noun,o_with_adj_or_adv	paradigm	a__adj	pastur
pensado	adj	o_not_noun,o_with_adj_or_adv	paradigm	a__adj	pens
permanante	adj	e_not_adv	paradigm	a__adj	perman
peticionanto	adj	o_not_noun,o_with_adj_or_adv	paradigm	a__adj	peticion
pilotado	adj	o_not_noun,o_with_adj_or_adv	paradigm	a__adj	pilot
pluralo	adj	o_not_noun,o_with_adj_or_adv	paradigm	a__adj	plur
polutado	adj	o_not_noun,o_with_adj_or_adv	paradigm	a__adj	polut
preferajo	adj	o_not_noun,o_with_adj_or_adv	paradigm	a__adj	prefer
projektajo	adj	o_not_noun,o_with_adj_or_adv	paradigm	a__adj	projekt
proprietajo	adj	o_not_noun,o_with_adj_or_adv	paradigm	a__adj	propriet
prostitucado	adj	o_not_noun,o_with_adj_or_adv	paradigm	a__adj	prostituc
pueracho	adj	o_not_noun,o_with_adj_or_adv	paradigm	a__adj	puer
registragar	adj	verb_ending_not_vblex	paradigm	a__adj	registr
registraguro	adj	o_not_noun,o_with_adj_or_adv	paradigm	a__adj	registr
rekoltado	adj	o_not_noun,o_with_adj_or_adv	paradigm	a__adj	rekolt
requizitajo	adj	o_not_noun,o_with_adj_or_adv	paradigm	a__adj	requizit
restajo	adj	o_not_noun,o_with_adj_or_adv	paradigm	a__adj	rest
rotacado	adj	o_not_noun,o_with_adj_or_adv	paradigm	a__adj	rotac
rurano	adj	o_not_noun,o_with_adj_or_adv	paradigm	a__adj	rur
servado	adj	o_not_noun,o_with_adj_or_adv	paradigm	a__adj	serv
shovelagar	adj	verb_ending_not_vblex	paradigm	a__adj	shovel
simulado	adj	o_not_noun,o_with_adj_or_adv	paradigm	a__adj	simul
sindikatano	adj	o_not_noun,o_with_adj_or_adv	paradigm	a__adj	sindikat
sinistrano	adj	o_not_noun,o_with_adj_or_adv	paradigm	a__adj	sinistr
skolano	adj	o_not_noun,o_with_adj_or_adv	paradigm	a__adj	skol
skribajo	adj	o_not_noun,o_with_adj_or_adv	paradigm	a__adj	skrib
smerilagar	adj	verb_ending_not_vblex	paradigm	a__adj	smeril
socialismo	adj	o_not_noun,o_with_adj_or_adv	paradigm	a__adj	soci
socialisto	adj	o_not_noun,o_with_adj_or_adv	paradigm	a__adj	soci
sokursado	adj	o_not_noun,o_with_adj_or_adv	paradigm	a__adj	sokurs
sorcadar	adj	verb_ending_not_vblex	paradigm	a__adj	sorc
sorcado	adj	o_not_noun,o_with_adj_or_adv	paradigm	a__adj	sorc
sordidacho	adj	o_not_noun,o_with_adj_or_adv	paradigm	a__adj	sordid
spadagar	adj	verb_ending_not_vblex	paradigm	a__adj	spad
specalisto	adj	o_not_noun,o_with_adj_or_adv	paradigm	a__adj	spec
spoliadar	adj	verb_ending_not_vblex	paradigm	a__adj	spoli
spoliado	adj	o_not_noun,o_with_adj_or_adv	paradigm	a__adj	spoli
spolianto	adj	o_not_noun,o_with_adj_or_adv	paradigm	a__adj	spoli
sponjagar	adj	verb_ending_not_vblex	paradigm	a__adj	sponj
subsidiajo	adj	o_not_noun,o_with_adj_or_adv	paradigm	a__adj	subsidi
sufrado	adj	o_not_noun,o_with_adj_or_adv	paradigm	a__adj	sufr
surveyanto	adj	o_not_noun,o_with_adj_or_adv	paradigm	a__adj	survey
taxado	adj	o_not_noun,o_with_adj_or_adv	paradigm	a__adj	tax
tradukanto	adj	o_not_noun,o_with_adj_or_adv	paradigm	a__adj	traduk
traktado	adj	o_not_noun,o_with_adj_or_adv	paradigm	a__adj	trakt
trotado	adj	o_not_noun,o_with_adj_or_adv	paradigm	a__adj	trot
urjanteso	adj	o_not_noun,o_with_adj_or_adv	paradigm	a__adj	urj
uzanto	adj	o_not_noun,o_with_adj_or_adv	paradigm	a__adj	uz
vehanto	adj	o_not_noun,o_with_adj_or_adv	paradigm	a__adj	veh
vejetanto	adj	o_not_noun,o_with_adj_or_adv	paradigm	a__adj	vejet
venenago	adj	o_not_noun,o_with_adj_or_adv	paradigm	a__adj	venen
vicinajo	adj	o_not_noun,o_with_adj_or_adv	paradigm	a__adj	vicin
vizitanto	adj	o_not_noun,o_with_adj_or_adv	paradigm	a__adj	vizit
abadeyo	adv	o_not_noun,o_with_adj_or_adv	paradigm	e__adv	abad
abeleyo	adv	o_not_noun,o_with_adj_or_adv	paradigm	e__adv	abel
absenteso	adv	o_not_noun,o_with_adj_or_adv	paradigm	e__adv	absent
acendebla	adv	a_not_adj	paradigm	e__adv	acend
acensebla	adv	a_not_adj	paradigm	e__adv	acens
afektacema	adv	a_not_adj	paradigm	e__adv	afektac
agenterio	adv	o_not_noun,o_with_adj_or_adv	paradigm	e__adv	agent
ajornebla	adv	a_not_adj	paradigm	e__adv	ajorn
amikeso	adv	o_not_noun,o_with_adj_or_adv	paradigm	e__adv	amik
anestezieso	adv	o_not_noun,o_with_adj_or_adv	paradigm	e__adv	anestezi
aprentiseso	adv	o_not_noun,o_with_adj_or_adv	paradigm	e__adv	aprentis
arkero	adv	o_not_noun,o_with_adj_or_adv	paradigm	e__adv	ark
austereso	adv	o_not_noun,o_with_adj_or_adv	paradigm	e__adv	auster
babilemo	adv	o_not_noun,o_with_adj_or_adv	paradigm	e__adv	babil
bakerio	adv	o_not_noun,o_with_adj_or_adv	paradigm	e__adv	bak
bakero	adv	o_not_noun,o_with_adj_or_adv	paradigm	e__adv	bak
bakeyo	adv	o_not_noun,o_with_adj_or_adv	paradigm	e__adv	bak
baloneto	adv	o_not_noun,o_with_adj_or_adv	paradigm	e__adv	balon
beleso	adv	o_not_noun,o_with_adj_or_adv	paradigm	e__adv	bel
bigameso	adv	o_not_noun,o_with_adj_or_adv	paradigm	e__adv	bigam
blindeso	adv	o_not_noun,o_with_adj_or_adv	paradigm	e__adv	blind
bonega	adv	a_not_adj	paradigm	e__adv	bon
boneso	adv	o_not_noun,o_with_adj_or_adv	paradigm	e__adv	bon
brulebla	adv	a_not_adj	paradigm	e__adv	brul
bruletar	adv	verb_ending_not_vblex	paradigm	e__adv	brul
bruleyo	adv	o_not_noun,o_with_adj_or_adv	paradigm	e__adv	brul
bruneskar	adv	verb_ending_not_vblex	paradigm	e__adv	brun
bucherio	adv	o_not_noun,o_with_adj_or_adv	paradigm	e__adv	buch
buleto	adv	o_not_noun,o_with_adj_or_adv	paradigm	e__adv	bul
buxeto	adv	o_not_noun,o_with_adj_or_adv	paradigm	e__adv	bux
cedebla	adv	a_not_adj	paradigm	e__adv	ced
cedema	adv	a_not_adj	paradigm	e__adv	ced
celema	adv	a_not_adj	paradigm	e__adv	cel
celeyo	adv	o_not_noun,o_with_adj_or_adv	paradigm	e__adv	cel
ceneyo	adv	o_not_noun,o_with_adj_or_adv	paradigm	e__adv	cen
centesma	adv	a_not_adj	paradigm	e__adv	cent
cerizea	adv	a_not_adj	paradigm	e__adv	ceriz
chambreto	adv	o_not_noun,o_with_adj_or_adv	paradigm	e__adv	chambr
chamea	adv	a_not_adj	paradigm	e__adv	cham
championeso	adv	o_not_noun,o_with_adj_or_adv	paradigm	e__adv	champion
chanjebla	adv	a_not_adj	paradigm	e__adv	chanj
chanjema	adv	a_not_adj	paradigm	e__adv	chanj
charedo	adv	o_not_noun,o_with_adj_or_adv	paradigm	e__adv	char
chareto	adv	o_not_noun,o_with_adj_or_adv	paradigm	e__adv	char
chasteso	adv	o_not_noun,o_with_adj_or_adv	paradigm	e__adv	chast
chefeso	adv	o_not_noun,o_with_adj_or_adv	paradigm	e__adv	chef
chereskar	adv	verb_ending_not_vblex	paradigm	e__adv	cher
chikeso	adv	o_not_noun,o_with_adj_or_adv	paradigm	e__adv	chik
chomeso	adv	o_not_noun,o_with_adj_or_adv	paradigm	e__adv	chom
ciboleto	adv	o_not_noun,o_with_adj_or_adv	paradigm	e__adv	cibol
cirkulero	adv	o_not_noun,o_with_adj_or_adv	paradigm	e__adv	cirkul
debochema	adv	a_not_adj	paradigm	e__adv	deboch
dejuneto	adv	o_not_noun,o_with_adj_or_adv	paradigm	e__adv	dejun
dementeso	adv	o_not_noun,o_with_adj_or_adv	paradigm	e__adv	dement
dentego	adv	o_not_noun,o_with_adj_or_adv	paradigm	e__adv	dent
depozeyo	adv	o_not_noun,o_with_adj_or_adv	paradigm	e__adv	depoz
diableto	adv	o_not_noun,o_with_adj_or_adv	paradigm	e__adv	diabl
digneso	adv	o_not_noun,o_with_adj_or_adv	paradigm	e__adv	dign
diktatoreso	adv	o_not_noun,o_with_adj_or_adv	paradigm	e__adv	diktator
disponebla	adv	a_not_adj	paradigm	e__adv	dispon
doganeyo	adv	o_not_noun,o_with_adj_or_adv	paradigm	e__adv	dogan
doktoreso	adv	o_not_noun,o_with_adj_or_adv	paradigm	e__adv	doktor
dometo	adv	o_not_noun,o_with_adj_or_adv	paradigm	e__adv	dom
dormetar	adv	verb_ending_not_vblex	paradigm	e__adv	dorm
duesma	adv	a_not_adj	paradigm	e__adv	du
eloquenteso	adv	o_not_noun,o_with_adj_or_adv	paradigm	e__adv	eloquent
eskrokero	adv	o_not_noun,o_with_adj_or_adv	paradigm	e__adv	eskrok
explorero	adv	o_not_noun,o_with_adj_or_adv	paradigm	e__adv	explor
fabrikerio	adv	o_not_noun,o_with_adj_or_adv	paradigm	e__adv	fabrik
fatigeskar	adv	verb_ending_not_vblex	paradigm	e__adv	fatig
febleskar	adv	verb_ending_not_vblex	paradigm	e__adv	febl
fiereso	adv	o_not_noun,o_with_adj_or_adv	paradigm	e__adv	fier
frateso	adv	o_not_noun,o_with_adj_or_adv	paradigm	e__adv	frat
frequeso	adv	o_not_noun,o_with_adj_or_adv	paradigm	e__adv	frequ
frugaleso	adv	o_not_noun,o_with_adj_or_adv	paradigm	e__adv	frugal
glasedo	adv	o_not_noun,o_with_adj_or_adv	paradigm	e__adv	glas
grandega	adv	a_not_adj	paradigm	e__adv	grand
grandeso	adv	o_not_noun,o_with_adj_or_adv	paradigm	e__adv	grand
gravideso	adv	o_not_noun,o_with_adj_or_adv	paradigm	e__adv	gravid
heterosexualeso	adv	o_not_noun,o_with_adj_or_adv	paradigm	e__adv	heterosexual
historiero	adv	o_not_noun,o_with_adj_or_adv	paradigm	e__adv	histori
homeosexualeso	adv	o_not_noun,o_with_adj_or_adv	paradigm	e__adv	homeosexual
indulgema	adv	a_not_adj	paradigm	e__adv	indulg
inerteso	adv	o_not_noun,o_with_adj_or_adv	paradigm	e__adv	inert
inflamebla	adv	a_not_adj	paradigm	e__adv	inflam
inspektero	adv	o_not_noun,o_with_adj_or_adv	paradigm	e__adv	inspekt
instruktero	adv	o_not_noun,o_with_adj_or_adv	paradigm	e__adv	instrukt
integreso	adv	o_not_noun,o_with_adj_or_adv	paradigm	e__adv	integr
inteligenteso	adv	o_not_noun,o_with_adj_or_adv	paradigm	e__adv	inteligent
iracema	adv	a_not_adj	paradigm	e__adv	irac
jaketo	adv	o_not_noun,o_with_adj_or_adv	paradigm	e__adv	jak
jaluzeso	adv	o_not_noun,o_with_adj_or_adv	paradigm	e__adv	jaluz
judiciero	adv	o_not_noun,o_with_adj_or_adv	paradigm	e__adv	judici
kafeerio	adv	o_not_noun,o_with_adj_or_adv	paradigm	e__adv	kafe
kalzeto	adv	o_not_noun,o_with_adj_or_adv	paradigm	e__adv	kalz
kanonizeso	adv	o_not_noun,o_with_adj_or_adv	paradigm	e__adv	kanoniz
kombusteblajo	adv	o_not_noun,o_with_adj_or_adv	paradigm	e__adv	kombust
kombusteblo	adv	o_not_noun,o_with_adj_or_adv	paradigm	e__adv	kombust
komplezema	adv	a_not_adj	paradigm	e__adv	komplez
komputero	adv	o_not_noun,o_with_adj_or_adv	paradigm	e__adv	komput
konformeskar	adv	verb_ending_not_vblex	paradigm	e__adv	konform
konsilero	adv	o_not_noun,o_with_adj_or_adv	paradigm	e__adv	konsil
konsumero	adv	o_not_noun,o_with_adj_or_adv	paradigm	e__adv	konsum
koqueyo	adv	o_not_noun,o_with_adj_or_adv	paradigm	e__adv	koqu
kunesar	adv	verb_ending_not_vblex	paradigm	e__adv	kun
kunikleyo	adv	o_not_noun,o_with_adj_or_adv	paradigm	e__adv	kunikl
kuseneto	adv	o_not_noun,o_with_adj_or_adv	paradigm	e__adv	kusen
lanceto	adv	o_not_noun,o_with_adj_or_adv	paradigm	e__adv	lanc
langeto	adv	o_not_noun,o_with_adj_or_adv	paradigm	e__adv	lang
ledeso	adv	o_not_noun,o_with_adj_or_adv	paradigm	e__adv	led
libereso	adv	o_not_noun,o_with_adj_or_adv	paradigm	e__adv	liber
lojeyo	adv	o_not_noun,o_with_adj_or_adv	paradigm	e__adv	loj
loyaleso	adv	o_not_noun,o_with_adj_or_adv	paradigm	e__adv	loyal
ludero	adv	o_not_noun,o_with_adj_or_adv	paradigm	e__adv	lud
maladeso	adv	o_not_noun,o_with_adj_or_adv	paradigm	e__adv	malad
manuedo	adv	o_not_noun,o_with_adj_or_adv	paradigm	e__adv	manu
margriteto	adv	o_not_noun,o_with_adj_or_adv	paradigm	e__adv	margrit
miopeso	adv	o_not_noun,o_with_adj_or_adv	paradigm	e__adv	miop
monteto	adv	o_not_noun,o_with_adj_or_adv	paradigm	e__adv	mont
mutacebla	adv	a_not_adj	paradigm	e__adv	mutac
obediema	adv	a_not_adj	paradigm	e__adv	obedi
obezeso	adv	o_not_noun,o_with_adj_or_adv	paradigm	e__adv	obez
obstinema	adv	a_not_adj	paradigm	e__adv	obstin
ociema	adv	a_not_adj	paradigm	e__adv	oci
ociera	adv	a_not_adj	paradigm	e__adv	oci
paketo	adv	o_not_noun,o_with_adj_or_adv	paradigm	e__adv	pak
parolema	adv	a_not_adj	paradigm	e__adv	parol
pasajero	adv	o_not_noun,o_with_adj_or_adv	paradigm	e__adv	pasaj
pastureyo	adv	o_not_noun,o_with_adj_or_adv	paradigm	e__adv	pastur
perdero	adv	o_not_noun,o_with_adj_or_adv	paradigm	e__adv	perd
perfekteso	adv	o_not_noun,o_with_adj_or_adv	paradigm	e__adv	perfekt
perpendikleso	adv	o_not_noun,o_with_adj_or_adv	paradigm	e__adv	perpendikl
perseveremeso	adv	o_not_noun,o_with_adj_or_adv	paradigm	e__adv	persever
peskeyo	adv	o_not_noun,o_with_adj_or_adv	paradigm	e__adv	pesk
petulema	adv	a_not_adj	paradigm	e__adv	petul
pianero	adv	o_not_noun,o_with_adj_or_adv	paradigm	e__adv	pian
pladeto	adv	o_not_noun,o_with_adj_or_adv	paradigm	e__adv	plad
politeso	adv	o_not_noun,o_with_adj_or_adv	paradigm	e__adv	polit
poluteso	adv	o_not_noun,o_with_adj_or_adv	paradigm	e__adv	polut
prioreso	adv	o_not_noun,o_with_adj_or_adv	paradigm	e__adv	prior
profundeso	adv	o_not_noun,o_with_adj_or_adv	paradigm	e__adv	profund
purpurea	adv	a_not_adj	paradigm	e__adv	purpur
qualeso	adv	o_not_noun,o_with_adj_or_adv	paradigm	e__adv	qual
quantesma	adv	a_not_adj	paradigm	e__adv	quant
quaresma	adv	a_not_adj	paradigm	e__adv	quar
rafaneto	adv	o_not_noun,o_with_adj_or_adv	paradigm	e__adv	rafan
rafinerio	adv	o_not_noun,o_with_adj_or_adv	paradigm	e__adv	rafin
rafineyo	adv	o_not_noun,o_with_adj_or_adv	paradigm	e__adv	rafin
rapideso	adv	o_not_noun,o_with_adj_or_adv	paradigm	e__adv	rapid
raptero	adv	o_not_noun,o_with_adj_or_adv	paradigm	e__adv	rapt
rebelesko	adv	o_not_noun,o_with_adj_or_adv	paradigm	e__adv	rebel
reciklebla	adv	a_not_adj	paradigm	e__adv	recikl
reptero	adv	o_not_noun,o_with_adj_or_adv	paradigm	e__adv	rept
reputeso	adv	o_not_noun,o_with_adj_or_adv	paradigm	e__adv	reput
restorerio	adv	o_not_noun,o_with_adj_or_adv	paradigm	e__adv	restor
ridetar	adv	verb_ending_not_vblex	paradigm	e__adv	rid
ruzema	adv	a_not_adj	paradigm	e__adv	ruz
saveskar	adv	verb_ending_not_vblex	paradigm	e__adv	sav
sediciema	adv	a_not_adj	paradigm	e__adv	sedici
segerio	adv	o_not_noun,o_with_adj_or_adv	paradigm	e__adv	seg
sekureso	adv	o_not_noun,o_with_adj_or_adv	paradigm	e__adv	sekur
sepulteyo	adv	o_not_noun,o_with_adj_or_adv	paradigm	e__adv	sepult
sigareto	adv	o_not_noun,o_with_adj_or_adv	paradigm	e__adv	sigar
simulero	adv	o_not_noun,o_with_adj_or_adv	paradigm	e__adv	simul
singulareso	adv	o_not_noun,o_with_adj_or_adv	paradigm	e__adv	singular
situesar	adv	verb_ending_not_vblex	paradigm	e__adv	situ
situeso	adv	o_not_noun,o_with_adj_or_adv	paradigm	e__adv	situ
skribero	adv	o_not_noun,o_with_adj_or_adv	paradigm	e__adv	skrib
soleso	adv	o_not_noun,o_with_adj_or_adv	paradigm	e__adv	sol
solidareso	adv	o_not_noun,o_with_adj_or_adv	paradigm	e__adv	solidar
solideso	adv	o_not_noun,o_with_adj_or_adv	paradigm	e__adv	solid
somnambuleso	adv	o_not_noun,o_with_adj_or_adv	paradigm	e__adv	somnambul
somnolegar	adv	verb_ending_not_vblex	paradigm	e__adv	somnol
somnoleso	adv	o_not_noun,o_with_adj_or_adv	paradigm	e__adv	somnol
sorcero	adv	o_not_noun,o_with_adj_or_adv	paradigm	e__adv	sorc
sordidega	adv	a_not_adj	paradigm	e__adv	sordid
sordidegeso	adv	o_not_noun,o_with_adj_or_adv	paradigm	e__adv	sordid
sordidegulo	adv	o_not_noun,o_with_adj_or_adv	paradigm	e__adv	sordid
sordideskar	adv	verb_ending_not_vblex	paradigm	e__adv	sordid
spanego	adv	o_not_noun,o_with_adj_or_adv	paradigm	e__adv	span
spanieleto	adv	o_not_noun,o_with_adj_or_adv	paradigm	e__adv	spaniel
sparebla	adv	a_not_adj	paradigm	e__adv	spar
sparegema	adv	a_not_adj	paradigm	e__adv	spar
sparema	adv	a_not_adj	paradigm	e__adv	spar
spionero	adv	o_not_noun,o_with_adj_or_adv	paradigm	e__adv	spion
splendideso	adv	o_not_noun,o_with_adj_or_adv	paradigm	e__adv	splendid
splinema	adv	a_not_adj	paradigm	e__adv	splin
spliteskar	adv	verb_ending_not_vblex	paradigm	e__adv	split
stabileso	adv	o_not_noun,o_with_adj_or_adv	paradigm	e__adv	stabil
sterileso	adv	o_not_noun,o_with_adj_or_adv	paradigm	e__adv	steril
stoneto	adv	o_not_noun,o_with_adj_or_adv	paradigm	e__adv	ston
stonetoza	adv	a_not_adj	paradigm	e__adv	ston
stupideso	adv	o_not_noun,o_with_adj_or_adv	paradigm	e__adv	stupid
submiseso	adv	o_not_noun,o_with_adj_or_adv	paradigm	e__adv	submis
sulketo	adv	o_not_noun,o_with_adj_or_adv	paradigm	e__adv	sulk
superbeso	adv	o_not_noun,o_with_adj_or_adv	paradigm	e__adv	superb
surveyero	adv	o_not_noun,o_with_adj_or_adv	paradigm	e__adv	survey
suvereneso	adv	o_not_noun,o_with_adj_or_adv	paradigm	e__adv	suveren
tacema	adv	a_not_adj	paradigm	e__adv	tac
tombeyo	adv	o_not_noun,o_with_adj_or_adv	paradigm	e__adv	tomb
toxikeso	adv	o_not_noun,o_with_adj_or_adv	paradigm	e__adv	toxik
tranquileso	adv	o_not_noun,o_with_adj_or_adv	paradigm	e__adv	tranquil
transfigureso	adv	o_not_noun,o_with_adj_or_adv	paradigm	e__adv	transfigur
tristeso	adv	o_not_noun,o_with_adj_or_adv	paradigm	e__adv	trist
trovesar	adv	verb_ending_not_vblex	paradigm	e__adv	trov
unanimeso	adv	o_not_noun,o_with_adj_or_adv	paradigm	e__adv	unanim
unesma	adv	a_not_adj	paradigm	e__adv	un
uzero	adv	o_not_noun,o_with_adj_or_adv	paradigm	e__adv	uz
vireso	adv	o_not_noun,o_with_adj_or_adv	paradigm	e__adv	vir
viskozeso	adv	o_not_noun,o_with_adj_or_adv	paradigm	e__adv	viskoz
vivema	adv	a_not_adj	paradigm	e__adv	viv
vizitero	adv	o_not_noun,o_with_adj_or_adv	paradigm	e__adv	vizit
volupteso	adv	o_not_noun,o_with_adj_or_adv	paradigm	e__adv	volupt
yuneso	adv	o_not_noun,o_with_adj_or_adv	paradigm	e__adv	yun
brutaro	vblex	o_not_noun,vblex_wrong_ending	paradigm	ar__vblex	brut
burokrataro	vblex	o_not_noun,vblex_wrong_ending	paradigm	ar__vblex	burokrat
cedario	vblex	o_not_noun,vblex_wrong_ending	paradigm	ar__vblex	ced
celebrario	vblex	o_not_noun,vblex_wrong_ending	paradigm	ar__vblex	celebr
datumaro	vblex	o_not_noun,vblex_wrong_ending	paradigm	ar__vblex	datum
domaro	vblex	o_not_noun,vblex_wrong_ending	paradigm	ar__vblex	dom
hararo	vblex	o_not_noun,vblex_wrong_ending	paradigm	ar__vblex	har
homaro	vblex	o_not_noun,vblex_wrong_ending	paradigm	ar__vblex	hom
insularo	vblex	o_not_noun,vblex_wrong_ending	paradigm	ar__vblex	insul
klavaro	vblex	o_not_noun,vblex_wrong_ending	paradigm	ar__vblex	klav
kriminaro	vblex	o_not_noun,vblex_wrong_ending	paradigm	ar__vblex	krimin
krinaro	vblex	o_not_noun,vblex_wrong_ending	paradigm	ar__vblex	krin
moblaro	vblex	o_not_noun,vblex_wrong_ending	paradigm	ar__vblex	mobl
montaro	vblex	o_not_noun,vblex_wrong_ending	paradigm	ar__vblex	mont
plumaro	vblex	o_not_noun,vblex_wrong_ending	paradigm	ar__vblex	plum
savaro	vblex	o_not_noun,vblex_wrong_ending	paradigm	ar__vblex	sav
stelaro	vblex	o_not_noun,vblex_wrong_ending	paradigm	ar__vblex	stel
terminaro	vblex	o_not_noun,vblex_wrong_ending	paradigm	ar__vblex	termin
vortaro	vblex	o_not_noun,vblex_wrong_ending	paradigm	ar__vblex	vort
